,Player,Restricted Area Percentage,2FGM %AST,Interior scoring %,Drive vs Pullup Ratio,Drive Pass %,Avg Dribble Per Touch
0,Aaron Gordon,0.7903225806451614,62.8,0.5466666666666667,1.6666666666666665,32.8,1.89
1,Aaron Henry,0.5,100.0,1.3333333333333335,0.6666666666666667,0.0,1.0
2,Aaron Holiday,0.43333333333333335,34.8,0.507936507936508,4.0,44.6,4.32
3,Aaron Nesmith,0.7,80.5,0.3157894736842105,2.166666666666667,34.3,0.99
4,Aaron Wiggins,0.5641025641025641,56.1,0.5301204819277109,10.249999999999998,38.4,1.47
5,Abdel Nader,0.6,50.0,0.5,10.5,31.0,1.14
6,Ade Murkey,,0.0,,,0.0,0.0
7,Admiral Schofield,0.5384615384615385,71.4,0.3684210526315789,5.999999999999999,29.5,0.63
8,Ahmad Caver,1.0,100.0,1.0,,0.0,4.5
9,Al Horford,0.5142857142857143,67.8,0.4313725490196079,4.0,44.6,0.64
10,Alec Burks,0.48387096774193544,43.0,0.20512820512820512,1.7714285714285716,37.3,3.06
11,Aleem Ford,0.6,75.0,0.5714285714285715,inf,16.7,0.6
12,Aleksej Pokusevski,0.5405405405405405,53.5,0.5,2.785714285714286,51.3,1.41
13,Alex Caruso,0.7037037037037036,56.7,0.35135135135135137,3.0769230769230766,51.2,2.67
14,Alex Len,0.5641025641025641,77.3,0.7333333333333334,2.9999999999999996,0.0,0.48
15,Alfonzo McKinnie,0.7999999999999999,73.3,0.39999999999999997,1.5,12.5,0.74
16,Alize Johnson,0.6470588235294118,52.9,0.888888888888889,inf,25.0,0.87
17,Alperen Sengun,0.7037037037037036,43.6,0.625,6.8,27.2,1.03
18,Amir Coffey,0.5769230769230769,59.1,0.35555555555555557,2.3846153846153846,33.0,1.66
19,Andre Drummond,0.8070175438596492,59.1,0.8354430379746834,10.0,21.4,0.67
20,Andre Iguodala,0.7692307692307692,62.1,0.44999999999999996,1.6,65.2,1.74
21,Andrew Wiggins,0.5,49.7,0.4069767441860465,1.7692307692307694,38.9,2.15
22,Anfernee Simons,0.5,19.5,0.23121387283236994,1.0857142857142856,36.1,4.62
23,Anthony Davis,0.7037037037037036,64.7,0.6206896551724138,0.6923076923076924,21.5,0.99
24,Anthony Edwards,0.76,36.5,0.3943661971830986,1.5882352941176472,34.4,3.6
25,Anthony Gill,0.5,77.1,0.5365853658536587,inf,27.5,0.7
26,Anthony Lamb,,0.0,,,0.0,1.77
27,Armoni Brooks,0.7142857142857143,66.7,0.15094339622641512,0.6842105263157895,52.9,1.56
28,Arnoldas Kulboka,,0.0,,,0.0,0.33
29,Austin Reaves,0.6190476190476191,55.9,0.35616438356164387,2.545454545454545,42.9,1.75
30,Austin Rivers,0.6470588235294118,46.3,0.3333333333333333,3.2,40.6,1.79
31,Avery Bradley,0.6428571428571429,63.6,0.21874999999999997,0.7692307692307692,42.9,1.02
32,Ayo Dosunmu,0.7714285714285715,57.2,0.47727272727272724,3.0000000000000004,49.8,3.29
33,BJ Johnson,0.7222222222222222,71.4,0.15384615384615385,0.8666666666666667,20.0,1.0
34,Bam Adebayo,0.537037037037037,60.8,0.6910994764397905,1.44,22.4,1.44
35,Ben McLemore,0.8181818181818181,84.6,0.11764705882352941,0.5882352941176471,47.8,0.93
36,Bismack Biyombo,0.6153846153846154,74.4,0.8275862068965517,0.0,0.0,0.38
37,Blake Griffin,0.8214285714285714,62.1,0.53125,1.1666666666666667,40.0,0.87
38,Boban Marjanovic,0.48275862068965514,73.2,0.8372093023255814,0.0,0.0,0.63
39,Bobby Portis,0.5555555555555555,55.6,0.4246575342465753,0.7894736842105263,23.4,0.57
40,Bogdan Bogdanovic,0.45945945945945943,38.2,0.26490066225165565,1.3829787234042552,42.6,1.99
41,Bojan Bogdanovic,0.5,56.8,0.3646408839779005,2.066666666666667,26.8,1.41
42,Bol Bol,0.5,100.0,0.8333333333333334,1.3333333333333335,45.5,0.89
43,Bones Hyland,0.6086956521739131,36.4,0.21782178217821785,1.2903225806451613,43.8,3.15
44,Brad Wanamaker,0.6470588235294118,45.8,0.38888888888888884,2.857142857142857,53.3,4.08
45,Bradley Beal,0.5050505050505051,36.5,0.4482758620689655,2.148148148148148,36.8,3.86
46,Brandon Boston Jr.,0.7037037037037036,61.5,0.3880597014925373,0.8571428571428572,24.6,2.2
47,Brandon Clarke,0.609375,70.0,0.8269230769230769,4.25,23.6,0.68
48,Brandon Goodwin,0.6086956521739131,24.4,0.5416666666666667,3.266666666666667,54.5,4.61
49,Brandon Ingram,0.484375,40.1,0.29955947136563876,1.4691358024691359,37.7,2.87
50,Brandon Knight,0.875,66.7,0.37499999999999994,2.7777777777777777,68.0,4.73
51,Brandon Williams,0.6379310344827586,31.1,0.40310077519379844,2.625,38.1,4.31
52,Braxton Key,0.75,74.1,0.6944444444444444,1.7,26.3,0.86
53,Brodric Thomas,0.7499999999999999,83.3,0.5555555555555556,2.666666666666667,77.8,3.74
54,Brook Lopez,0.6296296296296295,71.4,0.5161290322580645,0.75,8.3,0.39
55,Bruce Brown,0.611111111111111,74.3,0.6666666666666666,6.5,41.2,1.63
56,Bruno Fernando,0.7777777777777778,71.4,0.8275862068965517,inf,0.0,0.57
57,Bryn Forbes,0.25,69.7,0.15909090909090906,1.1250000000000002,32.8,1.42
58,Buddy Hield,0.6470588235294118,44.0,0.21794871794871798,1.1702127659574468,48.0,1.87
59,CJ Elleby,0.7142857142857143,63.1,0.4482758620689655,4.833333333333333,42.5,1.53
60,CJ McCollum,0.4057971014492754,25.4,0.32579185520361986,1.1428571428571428,33.9,3.92
61,CJ Miles,,0.0,,,0.0,1.0
62,Cade Cunningham,0.5662650602409638,23.5,0.4597701149425288,2.8627450980392157,40.7,3.9
63,Caleb Martin,0.8055555555555556,60.4,0.4565217391304348,3.1,30.8,1.28
64,Cam Reddish,0.6363636363636365,52.5,0.31683168316831684,1.6071428571428572,26.9,1.62
65,Cam Thomas,0.35714285714285715,41.5,0.35294117647058826,1.0476190476190477,30.0,2.85
66,Cameron Johnson,0.5555555555555555,67.3,0.256,2.727272727272727,39.9,1.01
67,Cameron McGriff,0.8695652173913044,66.7,0.425531914893617,1.769230769230769,57.1,1.33
68,Cameron Oliver,0.8181818181818182,77.8,0.6956521739130435,0.0,0.0,0.31
69,Cameron Payne,0.43396226415094336,18.3,0.4444444444444444,2.8529411764705883,31.0,4.47
70,Caris LeVert,0.4302325581395348,30.3,0.5294117647058824,2.257575757575758,38.4,3.63
71,Carlik Jones,1.0,0.0,0.7499999999999999,1.7499999999999998,57.1,4.72
72,Carmelo Anthony,0.5714285714285714,48.2,0.1804511278195489,0.21212121212121213,17.4,0.68
73,Carsen Edwards,0.6428571428571429,40.0,0.1724137931034483,0.9428571428571428,46.2,3.74
74,Cassius Stanley,0.6,60.0,0.5862068965517241,4.285714285714286,22.2,1.59
75,Cassius Winston,0.16666666666666669,50.0,0.2,2.857142857142857,71.4,3.71
76,Cat Barber,1.0,0.0,,3.2857142857142856,57.1,4.64
77,Cedi Osman,0.7333333333333334,68.9,0.31775700934579443,2.1875,43.6,1.65
78,Chandler Hutchison,0.5,100.0,0.5714285714285715,inf,66.7,1.41
79,Charles Bassey,0.7222222222222222,66.7,0.7999999999999999,0.0,100.0,0.61
80,Charlie Brown Jr.,0.75,44.4,0.7142857142857143,2.9999999999999996,0.0,0.67
81,Chaundee Brown Jr.,0.5454545454545454,50.0,0.1935483870967742,1.2857142857142858,33.3,0.93
82,Cheick Diallo,0.7407407407407407,33.3,0.5405405405405405,inf,0.0,0.77
83,Chimezie Metu,0.5675675675675675,74.0,0.47191011235955044,2.818181818181818,28.2,0.74
84,Chris Boucher,0.825,67.0,0.5106382978723405,1.2,11.4,0.48
85,Chris Chiozza,0.5714285714285715,14.3,0.2,5.2857142857142865,67.8,3.32
86,Chris Duarte,0.6590909090909091,47.7,0.3206106870229008,1.404255319148936,37.0,2.12
87,Chris Paul,0.13513513513513511,9.7,0.29931972789115646,1.4000000000000001,50.1,5.21
88,Chris Silva,0.7222222222222222,75.0,0.7692307692307692,,0.0,0.37
89,Christian Wood,0.676056338028169,60.5,0.49162011173184367,2.2,23.3,1.18
90,Chuma Okeke,0.625,53.1,0.27906976744186046,1.9375,47.0,1.48
91,Clint Capela,0.8271604938271605,76.5,0.882882882882883,inf,5.9,0.26
92,Coby White,0.638888888888889,42.0,0.2992125984251969,2.3793103448275863,42.6,3.1
93,Cody Martin,0.8125,63.6,0.49350649350649345,4.375,46.9,1.59
94,Cody Zeller,0.7741935483870969,72.5,0.6923076923076923,inf,27.8,0.63
95,Cole Anthony,0.48275862068965514,24.0,0.33128834355828224,2.0545454545454547,43.4,4.41
96,Collin Sexton,0.6075949367088607,42.1,0.575,3.257142857142857,34.4,3.66
97,Corey Kispert,0.6666666666666667,80.3,0.3658536585365854,1.7499999999999998,38.5,0.6
98,Cory Joseph,0.6206896551724137,41.6,0.375,3.7777777777777777,52.6,4.21
99,Craig Sword,1.0,100.0,1.0,inf,100.0,0.95
100,D'Angelo Russell,0.5,28.0,0.26519337016574585,0.8840579710144927,31.4,3.47
101,D.J. Augustin,0.6666666666666667,30.8,0.15094339622641512,2.6153846153846154,61.1,4.79
102,D.J. Wilson,0.5357142857142857,72.7,0.5866666666666667,0.6666666666666666,25.0,0.73
103,DaQuan Jeffries,1.0,100.0,1.4285714285714286,,0.0,1.13
104,Daishen Nix,0.7058823529411765,40.0,0.5625,7.2,53.5,3.8
105,Dakota Mathias,,0.0,0.0,0.0,0.0,1.62
106,Dalano Banton,0.65,32.9,0.625,3.125,50.6,2.95
107,Damian Jones,0.7567567567567568,79.4,0.6419753086419753,3.4999999999999996,21.1,0.46
108,Damian Lillard,0.8064516129032258,19.2,0.26666666666666666,1.4326923076923077,43.6,4.75
109,Damion Lee,0.6363636363636362,73.6,0.3783783783783784,2.3076923076923075,42.7,1.27
110,Damyean Dotson,0.5,50.0,0.5,1.5,0.0,1.38
111,Daniel Gafford,0.8181818181818182,73.7,0.851063829787234,inf,18.2,0.32
112,Daniel Oturu,0.7222222222222222,33.3,0.6666666666666666,inf,0.0,0.67
113,Daniel Theis,0.7352941176470589,79.7,0.5853658536585367,2.9999999999999996,34.6,0.32
114,Danilo Gallinari,0.5217391304347826,46.9,0.22222222222222224,0.8620689655172414,33.3,1.09
115,Danny Green,0.6666666666666666,87.0,0.1016949152542373,1.125,52.6,0.58
116,Danuel House Jr.,0.7499999999999999,75.0,0.23728813559322032,2.75,44.1,1.12
117,Darius Bazley,0.679245283018868,63.9,0.5,7.714285714285715,30.0,1.42
118,Darius Garland,0.527027027027027,26.1,0.359447004608295,2.2435897435897436,48.5,4.96
119,Darren Collison,1.0,100.0,1.0769230769230769,1.4285714285714286,100.0,2.93
120,David Duke Jr.,0.8666666666666667,56.7,0.5531914893617021,4.6,41.2,1.87
121,David Johnson,,0.0,,,0.0,3.0
122,David Nwaba,0.8148148148148149,54.3,0.5882352941176471,17.0,20.8,1.34
123,Davion Mitchell,0.6136363636363636,23.1,0.39999999999999997,1.9019607843137254,51.2,4.52
124,Davis Bertans,0.5714285714285715,86.4,0.14285714285714288,1.8,57.1,0.52
125,Davon Reed,0.5454545454545454,59.1,0.3181818181818181,1.1,45.5,1.43
126,Day'Ron Sharpe,0.8666666666666667,59.5,0.8387096774193549,inf,25.0,0.46
127,De'Aaron Fox,0.4528301886792453,21.5,0.5000000000000001,1.9195402298850575,26.7,4.04
128,De'Andre Hunter,0.5599999999999999,66.1,0.3880597014925373,2.0,21.7,1.31
129,De'Anthony Melton,0.5428571428571428,47.2,0.3148148148148148,1.769230769230769,45.5,2.16
130,DeAndre Jordan,0.9333333333333332,79.3,0.8837209302325582,,0.0,0.2
131,DeAndre' Bembry,0.8181818181818181,72.5,0.7450980392156863,18.0,32.0,1.23
132,DeJon Jarreau,,0.0,,inf,100.0,3.0
133,DeMar DeRozan,0.4534883720930233,21.7,0.35842293906810035,1.2295081967213115,35.7,4.6
134,DeMarcus Cousins,0.75,59.8,0.5111111111111111,10.0,23.4,0.64
135,Dean Wade,0.75,56.3,0.3018867924528302,2.9999999999999996,50.0,0.46
136,Deandre Ayton,0.4948453608247423,80.9,0.7674418604651163,1.0,11.1,0.41
137,Deividas Sirvydis,0.7,0.0,0.0,1.0,0.0,0.69
138,Dejounte Murray,0.48913043478260876,18.9,0.4739336492890995,2.1309523809523805,45.1,4.67
139,Delon Wright,0.6470588235294118,44.9,0.409090909090909,5.142857142857143,54.8,3.96
140,Deni Avdija,0.6,58.9,0.47619047619047616,5.571428571428572,32.1,1.62
141,Dennis Schroder,0.5294117647058825,26.5,0.3851851851851852,2.7435897435897436,39.9,4.11
142,Dennis Smith Jr.,0.6578947368421053,32.9,0.6071428571428572,6.333333333333333,50.4,4.41
143,Denzel Valentine,0.28571428571428575,33.3,0.13793103448275862,2.0,56.0,1.36
144,Derrick Favors,0.6206896551724137,83.7,0.6792452830188679,0.0,0.0,0.16
145,Derrick Jones Jr.,0.8846153846153847,70.6,0.6071428571428572,inf,18.2,0.41
146,Derrick Rose,0.5555555555555555,25.9,0.4833333333333334,2.6666666666666665,41.2,4.09
147,Derrick Walton Jr.,0.5,0.0,0.2222222222222222,5.444444444444444,61.4,4.63
148,Derrick White,0.4693877551020407,40.1,0.393939393939394,3.6785714285714293,46.0,3.34
149,Desmond Bane,0.5192307692307693,59.6,0.28571428571428575,0.8833333333333333,31.4,1.75
150,Devin Booker,0.4084507042253521,39.9,0.2835820895522388,0.8220338983050847,32.4,3.65
151,Devin Cannady,0.4,0.0,0.0,0.4285714285714286,66.7,1.55
152,Devin Vassell,0.47058823529411764,67.2,0.2764227642276422,1.3333333333333335,37.1,1.23
153,Devon Dotson,0.9166666666666666,55.6,0.6923076923076923,8.333333333333334,57.1,3.59
154,Devontae Cacok,0.47619047619047616,66.7,0.9032258064516128,5.999999999999999,11.1,0.7
155,Devonte' Graham,0.5789473684210527,30.8,0.15126050420168066,1.108695652173913,55.7,3.47
156,Dewayne Dedmon,0.7272727272727273,71.0,0.6349206349206349,2.0,14.3,0.41
157,Didi Louzada,0.33333333333333337,33.3,0.05128205128205129,3.5000000000000004,68.4,1.44
158,Dillon Brooks,0.4886363636363636,47.0,0.48913043478260876,1.2222222222222223,17.9,2.15
159,Domantas Sabonis,0.7578947368421053,61.6,0.656084656084656,7.0,42.6,1.25
160,Donovan Mitchell,0.48235294117647054,17.7,0.362934362934363,1.5999999999999999,32.3,4.76
161,Donte DiVincenzo,0.6521739130434783,47.7,0.19999999999999998,2.4210526315789473,56.7,2.32
162,Dorian Finney-Smith,0.7666666666666666,76.6,0.32727272727272727,4.571428571428572,52.3,0.87
163,Doug McDermott,0.6176470588235293,85.0,0.3185840707964602,2.2666666666666666,28.0,0.78
164,Draymond Green,0.5476190476190477,71.4,0.6933333333333334,9.333333333333334,41.7,1.36
165,Drew Eubanks,0.5652173913043479,75.9,0.7532467532467533,1.6666666666666667,41.7,0.58
166,Duane Washington Jr.,0.6285714285714287,52.2,0.30303030303030304,2.0,29.3,2.23
167,Duncan Robinson,0.7272727272727273,82.8,0.11009174311926605,0.9,59.3,0.59
168,Dwight Howard,0.8484848484848485,67.5,0.6774193548387097,1.0,0.0,0.36
169,Dwight Powell,0.8837209302325582,85.5,0.7126436781609197,5.0,34.9,0.45
170,Dylan Windler,0.8333333333333334,81.3,0.36363636363636365,9.0,60.0,0.55
171,Ed Davis,0.8333333333333334,72.7,0.888888888888889,,0.0,0.42
172,Elfrid Payton,0.44827586206896547,27.0,0.7999999999999999,7.666666666666666,38.8,4.31
173,Elijah Hughes,0.4444444444444445,50.0,0.2857142857142857,1.6363636363636362,44.6,1.37
174,Emanuel Terry,0.5882352941176471,0.0,,inf,100.0,0.42
175,Emmanuel Mudiay,0.0,0.0,0.0,2.5,60.0,4.44
176,Enes Freedom,0.8,38.8,0.7567567567567567,1.0,0.0,0.28
177,Eric Bledsoe,0.5952380952380952,30.1,0.4646464646464646,3.4814814814814814,46.9,3.92
178,Eric Gordon,0.6363636363636362,34.0,0.3582089552238806,3.5,28.6,3.32
179,Eric Paschall,0.7142857142857143,58.1,0.4482758620689655,23.999999999999996,30.0,0.83
180,Eugene Omoruyi,1.0,0.0,0.3333333333333333,1.0,50.0,1.21
181,Evan Fournier,0.44827586206896547,47.8,0.19858156028368792,1.0638297872340425,40.1,1.76
182,Evan Mobley,0.5632183908045978,65.2,0.6799999999999999,1.6666666666666665,25.4,0.79
183,Facundo Campazzo,0.6428571428571429,38.8,0.27450980392156865,2.923076923076923,64.8,4.22
184,Feron Hunt,1.0,0.0,,,0.0,0.5
185,Frank Jackson,0.5937499999999999,67.6,0.33962264150943394,1.5909090909090908,24.3,1.34
186,Frank Kaminsky,0.5357142857142857,71.0,0.6603773584905661,2.166666666666667,16.7,0.48
187,Frank Ntilikina,0.3846153846153846,52.9,0.24390243902439027,1.909090909090909,48.0,2.38
188,Franz Wagner,0.6,53.1,0.5789473684210527,4.55,24.1,2.37
189,Fred VanVleet,0.48780487804878053,22.5,0.17733990147783252,1.477272727272727,57.7,4.0
190,Freddie Gillespie,0.42857142857142855,77.8,0.8695652173913044,2.9999999999999996,66.7,0.53
191,Furkan Korkmaz,0.6,52.4,0.34210526315789475,1.7619047619047619,40.1,2.54
192,Gabe Vincent,0.65,40.0,0.25287356321839083,1.7241379310344829,56.6,3.75
193,Gabe York,0.0,100.0,0.25,2.0,50.0,0.93
194,Gabriel Deck,0.7,66.7,0.5384615384615384,2.5,57.1,1.11
195,Gabriel Lundberg,0.7272727272727273,0.0,0.0,1.0,72.7,2.36
196,Garrett Temple,0.7142857142857143,63.5,0.2692307692307692,1.8,50.5,1.32
197,Garrison Mathews,0.8,75.6,0.12,1.3333333333333333,48.1,0.62
198,Gary Clark,0.6,80.0,0.07407407407407407,2.5,47.4,0.57
199,Gary Harris,0.6551724137931034,58.9,0.3063063063063063,1.6818181818181817,39.3,1.78
200,Gary Payton II,0.78125,78.7,0.676056338028169,4.0,53.3,0.78
201,Gary Trent Jr.,0.4047619047619047,41.1,0.2185792349726776,0.6,23.6,2.26
202,George Hill,0.6956521739130436,44.2,0.41935483870967744,3.4,44.8,3.59
203,George King,1.0,0.0,0.0,inf,0.0,0.58
204,Georges Niang,0.5238095238095238,71.1,0.23913043478260873,5.0,39.7,0.64
205,Georgios Kalaitzakis,0.6969696969696969,52.4,0.6060606060606061,2.5555555555555554,26.7,2.04
206,Giannis Antetokounmpo,0.725,43.2,0.5284280936454849,1.7727272727272727,33.8,2.55
207,Goga Bitadze,0.7941176470588235,69.4,0.6,1.4999999999999998,35.3,0.44
208,Goran Dragic,0.5483870967741936,19.5,0.4533333333333333,2.869565217391304,50.0,3.65
209,Gordon Hayward,0.5689655172413793,57.9,0.36477987421383645,2.18421052631579,43.8,1.83
210,Gorgui Dieng,0.6666666666666666,83.3,0.2285714285714286,0.8333333333333334,50.0,0.66
211,Grant Williams,0.65,71.7,0.33333333333333337,4.0,43.0,0.56
212,Grayson Allen,0.625,64.6,0.23423423423423426,2.4444444444444446,48.1,1.31
213,Greg Brown III,0.8400000000000001,64.5,0.5531914893617021,3.25,32.3,0.79
214,Greg Monroe,0.7692307692307693,56.3,0.8518518518518517,4.0,16.7,0.47
215,Hamidou Diallo,0.6229508196721312,51.7,0.6545454545454545,2.7777777777777777,20.9,1.59
216,Harrison Barnes,0.5964912280701755,56.6,0.3658536585365854,4.5,36.4,1.3
217,Hassan Whiteside,0.6734693877551019,63.7,0.8048780487804879,1.0,15.4,0.31
218,Hassani Gravett,0.45454545454545453,42.9,0.19047619047619047,1.5,54.2,4.65
219,Haywood Highsmith,0.7499999999999999,85.7,0.3478260869565218,2.0,37.5,0.74
220,Herbert Jones,0.7391304347826088,63.1,0.5473684210526315,12.666666666666666,34.2,1.26
221,Ignas Brazdeikis,0.6956521739130436,57.4,0.52,5.833333333333334,49.3,1.83
222,Immanuel Quickley,0.3225806451612903,29.9,0.2654867256637168,1.3962264150943398,47.1,4.61
223,Isaac Bonga,0.6666666666666666,50.0,0.5,inf,33.3,0.95
224,Isaac Okoro,0.85,71.7,0.5,11.0,39.6,1.4
225,Isaiah Hartenstein,0.6122448979591836,74.9,0.7710843373493975,3.666666666666667,28.6,0.69
226,Isaiah Jackson,0.8113207547169812,75.7,0.7710843373493974,1.3333333333333335,15.4,0.34
227,Isaiah Joe,0.6,64.7,0.11111111111111112,1.2857142857142858,57.7,1.44
228,Isaiah Livers,0.7499999999999999,64.3,0.18749999999999997,2.428571428571429,50.0,0.78
229,Isaiah Roby,0.6382978723404255,68.9,0.49504950495049505,4.8,29.2,0.68
230,Isaiah Stewart,0.8275862068965517,68.9,0.7469879518072288,2.9999999999999996,26.1,0.52
231,Isaiah Thomas,0.4444444444444444,48.7,0.2619047619047619,1.5625,35.1,3.4
232,Isaiah Todd,0.7142857142857143,66.7,0.23529411764705885,2.9999999999999996,0.0,0.73
233,Ish Smith,0.48387096774193544,18.1,0.38095238095238093,2.153846153846154,60.1,4.86
234,Ish Wainright,0.7272727272727273,63.6,0.4166666666666667,inf,46.4,0.63
235,Ivica Zubac,0.65625,71.9,0.7766990291262136,2.0,17.6,0.48
236,JT Thor,0.7142857142857143,70.6,0.4,3.4999999999999996,25.0,0.87
237,Ja Morant,0.5302013422818792,24.8,0.6058394160583942,3.317460317460317,28.5,4.9
238,JaMychal Green,0.8214285714285714,69.0,0.53125,2.9999999999999996,47.1,0.37
239,JaQuori McLaughlin,,0.0,,0.6,100.0,4.35
240,JaVale McGee,0.6842105263157895,69.2,0.8043478260869567,1.7499999999999998,7.3,0.48
241,Jabari Parker,0.6666666666666666,60.0,0.3181818181818181,1.4285714285714286,25.0,1.08
242,Jaden McDaniels,0.6842105263157895,72.0,0.5,3.222222222222222,35.4,0.75
243,Jaden Springer,0.0,0.0,1.0,inf,100.0,3.33
244,Jae Crowder,0.4285714285714286,82.2,0.1702127659574468,0.7777777777777777,28.1,0.52
245,Jae'Sean Tate,0.7272727272727273,49.0,0.6610169491525424,17.333333333333336,36.4,1.63
246,Jahmi'us Ramsey,0.6666666666666667,57.9,0.49999999999999994,3.3333333333333335,26.3,2.33
247,Jaime Echenique,,0.0,,,0.0,0.0
248,Jake Layman,0.7777777777777778,68.2,0.5,2.0,36.4,1.23
249,Jakob Poeltl,0.5591397849462365,70.2,0.8740740740740741,2.5,35.4,0.41
250,Jalen Brunson,0.393939393939394,26.2,0.4662576687116564,2.6153846153846154,41.7,4.26
251,Jalen Green,0.793103448275862,43.8,0.3583815028901734,1.872340425531915,33.7,3.32
252,Jalen Johnson,0.8333333333333334,78.9,0.75,3.0,36.8,1.0
253,Jalen McDaniels,0.64,61.0,0.4516129032258064,10.333333333333334,37.7,1.13
254,Jalen Smith,0.6410256410256411,72.1,0.5217391304347826,2.666666666666667,17.9,0.46
255,Jalen Suggs,0.6557377049180328,36.5,0.47457627118644063,2.5714285714285716,36.3,3.49
256,James Bouknight,0.6774193548387097,43.8,0.47826086956521746,2.4545454545454546,32.1,2.81
257,James Ennis III,1.0,75.0,0.5365853658536587,13.0,22.2,0.93
258,James Harden,0.5657894736842105,18.9,0.33636363636363636,2.162162162162162,41.3,5.05
259,James Johnson,0.7941176470588235,51.2,0.6909090909090909,4.833333333333333,31.7,2.07
260,Jamorko Pickett,0.25,80.0,0.2631578947368421,0.8,40.0,0.54
261,Jared Butler,0.3076923076923077,18.2,0.3157894736842105,1.5294117647058825,49.1,5.28
262,Jared Harper,0.5555555555555556,33.3,0.27027027027027023,1.4545454545454546,37.5,3.86
263,Jaren Jackson Jr.,0.4810126582278481,56.3,0.46625766871165647,8.0,10.0,1.04
264,Jarred Vanderbilt,0.8297872340425532,69.0,0.8115942028985508,inf,50.0,0.63
265,Jarrett Allen,0.7444444444444445,73.4,0.782608695652174,11.0,27.4,0.33
266,Jarrett Culver,0.6111111111111112,41.0,0.4571428571428572,2.4,36.5,3.04
267,Jarron Cumberland,1.0,100.0,0.8571428571428572,,0.0,1.55
268,Javin DeLaurier,,0.0,,,0.0,0.5
269,Javonte Green,0.8235294117647058,67.9,0.5833333333333334,5.999999999999999,16.0,0.39
270,Javonte Smart,0.5,36.4,0.4666666666666666,1.4615384615384615,42.4,3.49
271,Jaxson Hayes,0.717391304347826,76.0,0.6666666666666666,4.0,21.8,0.49
272,Jay Huff,0.0,0.0,,inf,0.0,0.61
273,Jay Scrubb,0.6,33.3,0.37037037037037035,1.5714285714285716,38.9,1.78
274,Jaylen Brown,0.5632183908045978,47.1,0.423728813559322,1.9821428571428572,39.6,2.6
275,Jaylen Hoard,0.5862068965517242,42.9,0.6394557823129252,4.928571428571429,37.5,0.95
276,Jaylen Morris,0.7692307692307692,0.0,0.0,6.666666666666667,33.3,3.88
277,Jaylen Nowell,0.5151515151515151,42.9,0.4235294117647059,2.2,30.1,3.06
278,Jaysean Paige,,0.0,,1.0,100.0,1.62
279,Jayson Tatum,0.6511627906976744,42.9,0.3717472118959108,1.3902439024390245,32.1,2.76
280,Jeff Dowtin Jr.,0.46153846153846156,14.3,0.38095238095238093,2.4,63.6,3.26
281,Jeff Green,0.6904761904761905,82.1,0.5242718446601942,2.142857142857143,17.1,0.57
282,Jemerrio Jones,0.6666666666666666,50.0,1.0,,0.0,0.3
283,Jerami Grant,0.6491228070175439,49.8,0.3125,1.9761904761904763,33.2,1.39
284,Jeremiah Robinson-Earl,0.7407407407407407,75.0,0.3466666666666667,3.4999999999999996,40.6,0.42
285,Jeremy Lamb,0.3181818181818181,34.6,0.24657534246575344,1.7083333333333333,35.2,1.88
286,Jericho Sims,0.923076923076923,79.5,0.8181818181818181,,0.0,0.35
287,Jevon Carter,0.5,43.8,0.09523809523809523,0.7058823529411765,63.4,2.91
288,Jimmy Butler,0.5934065934065934,37.7,0.485981308411215,3.0454545454545454,44.6,3.1
289,Jock Landale,0.8,70.8,0.5306122448979592,1.0,50.0,0.44
290,Joe Harris,0.5714285714285714,86.7,0.1592920353982301,3.6363636363636362,37.5,0.65
291,Joe Ingles,0.46153846153846156,59.5,0.22222222222222224,2.111111111111111,57.1,1.93
292,Joe Johnson,,0.0,0.0,1.0,100.0,5.2
293,Joe Wieskamp,0.5,50.0,0.09523809523809523,0.6,55.6,0.91
294,Joel Ayayi,0.25,0.0,1.3333333333333335,0.8571428571428572,25.0,3.32
295,Joel Embiid,0.5588235294117647,51.3,0.39215686274509803,0.726027397260274,17.9,1.41
296,John Collins,0.676470588235294,79.3,0.5308641975308642,2.2,30.8,0.46
297,John Konchar,0.7647058823529411,61.4,0.45833333333333337,2.4,54.0,1.28
298,Jon Teske,,0.0,,,0.0,0.0
299,Jonas Valanciunas,0.5555555555555556,62.7,0.6067415730337079,1.4444444444444444,24.7,0.56
300,Jonathan Kuminga,0.6744186046511628,60.8,0.5591397849462365,6.0,27.4,1.53
301,Jordan Bell,,0.0,,,0.0,0.0
302,Jordan Clarkson,0.3684210526315789,22.1,0.4,2.02,34.0,3.06
303,Jordan Goodwin,1.0,0.0,,2.0,50.0,3.22
304,Jordan McLaughlin,0.6111111111111112,49.2,0.47368421052631576,4.666666666666667,53.2,3.65
305,Jordan Nwora,0.6799999999999999,61.7,0.3291139240506329,1.1199999999999999,29.1,1.76
306,Jordan Poole,0.5714285714285714,41.4,0.31351351351351353,1.7446808510638296,39.1,3.51
307,Jordan Schakel,0.2727272727272727,0.0,0.0,1.6666666666666667,50.0,1.14
308,Jose Alvarado,0.5172413793103449,30.3,0.5245901639344263,4.076923076923077,47.1,4.36
309,Josh Christopher,0.6153846153846154,42.3,0.5569620253164557,2.5555555555555554,35.0,3.25
310,Josh Giddey,0.4657534246575342,30.2,0.5920000000000001,3.6060606060606064,49.7,2.72
311,Josh Green,0.6818181818181818,78.4,0.5833333333333334,3.833333333333333,51.0,1.58
312,Josh Hart,0.793103448275862,47.2,0.48322147651006714,2.791666666666667,42.3,2.11
313,Josh Jackson,0.6799999999999999,51.7,0.4375,1.846153846153846,37.7,1.41
314,Josh Okogie,0.9166666666666666,60.7,0.4444444444444444,inf,38.5,1.22
315,Josh Richardson,0.41379310344827586,47.7,0.2549019607843137,2.2857142857142856,40.5,1.84
316,Joshua Primo,0.5652173913043479,52.5,0.37931034482758624,4.333333333333333,50.3,2.42
317,Jrue Holiday,0.5342465753424658,19.7,0.4371584699453552,2.096774193548387,43.9,4.43
318,Juan Toscano-Anderson,0.7142857142857143,69.0,0.6341463414634148,10.5,48.3,1.55
319,Juancho Hernangomez,0.8,80.0,0.36363636363636365,inf,53.1,0.55
320,Julius Randle,0.6363636363636364,36.2,0.3980099502487562,1.3043478260869565,41.9,2.2
321,Justin Anderson,0.6875,66.7,0.3125,1.6153846153846154,48.5,0.7
322,Justin Champagnie,0.8181818181818181,57.1,0.6086956521739131,inf,25.0,0.34
323,Justin Holiday,0.7999999999999999,78.6,0.15841584158415842,0.9047619047619047,60.3,0.82
324,Justin Jackson,0.0,100.0,0.2857142857142857,1.0,25.0,0.76
325,Justin Robinson,0.4285714285714286,20.0,0.19354838709677422,1.5,56.8,4.07
326,Justise Winslow,0.6,69.5,0.6666666666666666,4.0,46.9,1.43
327,Jusuf Nurkic,0.717391304347826,62.7,0.7066666666666667,2.666666666666667,10.9,0.74
328,Juwan Morgan,1.0,100.0,0.4,,0.0,0.36
329,KZ Okpala,0.65,76.2,0.5945945945945946,13.999999999999998,65.5,0.94
330,Kai Jones,0.6666666666666666,87.5,0.8,4.0,14.3,0.62
331,Karl-Anthony Towns,0.6326530612244897,53.7,0.4959349593495934,4.647058823529412,24.6,0.85
332,Keifer Sykes,0.6842105263157895,42.9,0.3928571428571429,1.3599999999999999,46.3,3.65
333,Keita Bates-Diop,0.787878787878788,75.6,0.6666666666666666,4.333333333333334,22.8,0.7
334,Kelan Martin,0.6818181818181818,64.6,0.3859649122807018,1.263157894736842,36.1,1.14
335,Keldon Johnson,0.5205479452054794,64.4,0.44705882352941173,4.705882352941177,26.2,1.27
336,Keljin Blevins,0.8,61.5,0.25806451612903225,1.2222222222222223,42.9,1.56
337,Kelly Olynyk,0.7647058823529411,62.5,0.43956043956043955,1.7333333333333334,49.5,0.89
338,Kelly Oubre Jr.,0.7111111111111111,61.2,0.37333333333333335,1.565217391304348,19.6,1.24
339,Kemba Walker,0.5625,21.1,0.25862068965517243,1.3454545454545455,46.5,4.34
340,Kenrich Williams,0.625,59.0,0.48648648648648646,2.733333333333333,53.2,1.58
341,Kent Bazemore,0.6363636363636362,81.3,0.17647058823529416,1.1111111111111112,42.1,1.14
342,Kentavious Caldwell-Pope,0.5357142857142857,61.9,0.21212121212121213,0.8974358974358975,34.6,1.47
343,Kenyon Martin Jr.,0.8222222222222223,73.5,0.6363636363636362,23.999999999999996,36.8,0.72
344,Keon Johnson,0.6578947368421053,48.4,0.47222222222222227,2.125,35.0,3.89
345,Kessler Edwards,0.7272727272727273,64.5,0.3728813559322034,1.3333333333333335,27.0,0.69
346,Kevin Durant,0.3243243243243243,49.9,0.28762541806020064,0.8596491228070176,30.5,2.51
347,Kevin Huerter,0.4117647058823529,51.9,0.3140495867768595,1.2352941176470589,30.1,1.8
348,Kevin Knox II,0.625,75.0,0.3225806451612903,1.7499999999999998,31.8,0.58
349,Kevin Love,0.5652173913043479,57.1,0.20588235294117646,0.4210526315789474,24.2,0.44
350,Kevin Pangos,0.28571428571428575,11.1,0.37500000000000006,3.0000000000000004,54.9,5.15
351,Kevin Porter Jr.,0.6470588235294118,26.7,0.32051282051282054,1.4461538461538461,42.7,4.49
352,Kevon Looney,0.8157894736842106,73.6,0.7999999999999999,2.3333333333333335,29.8,0.52
353,Khem Birch,0.5,80.4,0.7555555555555556,2.0,33.3,0.52
354,Khris Middleton,0.425531914893617,33.1,0.24875621890547261,1.0,44.1,2.93
355,Killian Hayes,0.47058823529411764,34.1,0.49275362318840576,3.0476190476190474,51.3,3.3
356,Killian Tillie,0.6666666666666667,62.5,0.18181818181818182,5.5,37.5,0.7
357,Kira Lewis Jr.,0.6,45.7,0.5762711864406779,2.25,38.9,3.35
358,Klay Thompson,0.38095238095238093,63.6,0.21568627450980396,0.7945205479452054,41.1,1.54
359,Kris Dunn,0.43636363636363634,14.0,0.7368421052631579,4.285714285714286,46.0,3.76
360,Kristaps Porzingis,0.5362318840579711,68.2,0.39603960396039606,0.9642857142857144,26.1,0.66
361,Kyle Anderson,0.47826086956521746,51.4,0.6052631578947368,2.7142857142857144,29.7,1.5
362,Kyle Guy,0.5454545454545454,50.0,0.25641025641025644,2.5555555555555554,38.6,2.87
363,Kyle Kuzma,0.4848484848484849,49.2,0.44444444444444436,2.1578947368421053,33.1,1.96
364,Kyle Lowry,0.64,30.3,0.22388059701492538,1.5319148936170213,56.2,2.86
365,Kyrie Irving,0.3684210526315789,23.3,0.3211678832116789,1.091743119266055,24.3,3.63
366,LaMarcus Aldridge,0.5116279069767441,74.8,0.4186046511627907,0.15,18.8,0.57
367,LaMelo Ball,0.5675675675675675,26.4,0.3582089552238805,2.1904761904761907,42.2,3.77
368,Lamar Stevens,0.6666666666666666,60.1,0.6229508196721312,2.1818181818181817,24.3,1.25
369,Lance Stephenson,0.7241379310344827,20.0,0.43373493975903604,1.7096774193548385,30.9,3.88
370,Landry Shamet,0.5333333333333333,60.3,0.1686746987951807,1.4444444444444444,46.1,1.65
371,Langston Galloway,0.5,50.0,0.4,1.1,62.5,2.49
372,Larry Nance Jr.,0.7222222222222222,68.9,0.6285714285714287,3.4999999999999996,21.9,1.13
373,Lauri Markkanen,0.6521739130434783,68.4,0.36486486486486486,2.3,29.6,0.67
374,LeBron James,0.819047619047619,40.7,0.4752475247524752,1.2253521126760563,35.7,3.07
375,Leandro Bolmaro,0.6666666666666667,58.3,0.5714285714285715,4.666666666666667,62.0,3.54
376,Lindell Wigginton,0.6956521739130436,76.5,0.5238095238095238,5.999999999999999,41.3,3.78
377,Lindy Waters III,0.6,72.2,0.15000000000000002,0.7692307692307692,52.0,1.14
378,Lonnie Walker IV,0.6571428571428571,54.0,0.3140495867768595,1.4871794871794872,42.9,2.44
379,Lonzo Ball,0.6799999999999999,40.4,0.2,1.3225806451612903,48.6,2.63
380,Lou Williams,0.3181818181818181,34.1,0.28571428571428575,1.53125,40.6,3.65
381,Louis King,0.2,42.9,0.13333333333333336,0.6363636363636362,28.6,1.85
382,Luguentz Dort,0.5932203389830508,49.1,0.3372093023255814,3.888888888888889,44.2,2.37
383,Luka Doncic,0.35789473684210527,10.7,0.38732394366197187,1.7209302325581395,43.2,5.37
384,Luka Garza,0.75,52.0,0.48275862068965525,1.3333333333333335,30.8,0.56
385,Luke Kennard,0.4117647058823529,66.0,0.15126050420168066,0.8387096774193549,43.5,1.14
386,Luke Kornet,0.7999999999999999,69.2,1.0,,0.0,0.35
387,MJ Walker,0.6666666666666666,0.0,,3.0,66.7,1.44
388,Mac McClung,1.0,100.0,0.25,3.0,66.7,3.12
389,Malachi Flynn,0.5384615384615385,21.4,0.3255813953488372,1.611111111111111,54.3,3.48
390,Malcolm Brogdon,0.7368421052631579,24.9,0.43979057591623033,3.388888888888889,48.9,4.06
391,Malcolm Hill,0.4285714285714286,63.6,0.2631578947368421,1.0,60.0,0.97
392,Malik Beasley,0.6111111111111112,65.2,0.14876033057851237,0.8333333333333334,41.0,1.17
393,Malik Fitts,0.6666666666666666,100.0,0.28571428571428575,6.999999999999999,40.0,0.96
394,Malik Monk,0.7045454545454545,54.6,0.391304347826087,2.1875,56.6,2.1
395,Malik Newman,1.0,66.7,0.25,1.0,25.0,3.41
396,Mamadi Diakite,0.6,84.0,0.8837209302325583,1.0,0.0,0.3
397,Marcus Garrett,0.7857142857142857,50.0,0.5454545454545455,4.0,35.7,2.53
398,Marcus Morris Sr.,0.23529411764705882,32.7,0.23376623376623376,0.6065573770491804,24.4,1.45
399,Marcus Smart,0.4666666666666667,36.5,0.3966942148760331,5.8,45.7,3.04
400,Markelle Fultz,0.5714285714285715,17.7,0.574074074074074,2.3333333333333335,40.7,5.72
401,Markieff Morris,0.5416666666666666,51.2,0.39473684210526316,0.5333333333333333,21.4,0.61
402,Marko Simonovic,0.7272727272727273,66.7,0.4210526315789474,inf,0.0,0.36
403,Markus Howard,0.625,54.5,0.19512195121951223,0.6,28.6,2.12
404,Marquese Chriss,0.8064516129032258,83.3,0.711111111111111,4.0,20.0,0.44
405,Marvin Bagley III,0.582089552238806,65.8,0.7079646017699115,4.8,18.1,0.59
406,Mason Jones,0.8,66.7,0.4411764705882353,1.769230769230769,33.3,1.91
407,Mason Plumlee,0.813953488372093,77.6,0.8307692307692308,6.999999999999999,44.0,0.96
408,Matisse Thybulle,0.8695652173913044,73.3,0.5614035087719298,4.0,48.1,0.54
409,Matt Mooney,,0.0,,,0.0,4.43
410,Matt Ryan,,0.0,0.0,inf,100.0,0.56
411,Matt Thomas,0.0,85.0,0.0,0.26666666666666666,58.8,1.14
412,Maurice Harkless,0.8125,78.8,0.47826086956521746,5.5,36.5,0.76
413,Max Strus,0.8125,77.9,0.169811320754717,1.2307692307692308,44.1,0.63
414,Maxi Kleber,0.7857142857142857,84.5,0.2857142857142857,2.4,55.6,0.32
415,McKinley Wright IV,0.0,0.0,0.4,2.0,50.0,3.05
416,Melvin Frazier Jr.,0.7,75.0,0.7476635514018692,36.66666666666667,27.3,1.61
417,Micah Potter,0.8846153846153847,60.0,0.65,,0.0,0.21
418,Michael Porter Jr.,0.7027027027027027,70.4,0.38383838383838387,0.6153846153846154,36.4,0.9
419,Mikal Bridges,0.5283018867924528,76.4,0.5211267605633804,1.7600000000000002,34.2,1.0
420,Mike Conley,0.28260869565217395,25.7,0.3211678832116789,2.2407407407407405,49.7,4.6
421,Mike Muscala,0.6923076923076923,81.4,0.2,0.5,0.0,0.24
422,Miles Bridges,0.7325581395348837,59.7,0.5148514851485149,3.6333333333333333,34.1,1.6
423,Miles McBride,0.5714285714285715,26.7,0.27272727272727276,0.9090909090909091,52.6,3.94
424,Mitchell Robinson,0.9583333333333333,51.7,0.8470588235294118,,0.0,0.3
425,Miye Oni,1.0,0.0,0.6666666666666667,1.0,100.0,1.16
426,Mo Bamba,0.7631578947368421,56.6,0.4528301886792453,0.8333333333333334,20.5,0.49
427,Monte Morris,0.6,47.2,0.33333333333333326,1.0512820512820513,38.7,3.45
428,Montrezl Harrell,0.7971014492753623,65.3,0.7175572519083968,1.0,8.0,0.83
429,Moritz Wagner,0.8333333333333334,76.3,0.4666666666666667,18.0,25.2,0.6
430,Moses Brown,0.8518518518518519,81.3,0.7441860465116279,inf,0.0,0.26
431,Moses Moody,0.75,70.0,0.3181818181818181,2.8,37.7,1.43
432,Moses Wright,0.5,100.0,0.4615384615384615,0.0,0.0,0.47
433,Mychal Mulder,0.6363636363636362,57.1,0.19512195121951223,1.5,13.3,1.32
434,Myles Powell,0.625,0.0,0.6666666666666667,2.5,47.1,5.41
435,Myles Turner,0.6086956521739131,68.3,0.4806201550387597,2.5714285714285716,10.7,0.49
436,Naji Marshall,0.6785714285714286,55.7,0.5614035087719298,3.714285714285715,27.8,1.67
437,Nassir Little,0.78125,69.1,0.4081632653061224,2.5384615384615383,35.7,1.19
438,Nate Hinton,0.0,0.0,,inf,0.0,0.67
439,Nathan Knight,0.7727272727272726,70.7,0.7027027027027027,10.0,21.6,1.21
440,Naz Reid,0.725,62.5,0.5542168674698794,13.0,25.5,0.65
441,Neemias Queta,0.6538461538461539,64.7,0.9333333333333332,4.0,0.0,0.56
442,Nemanja Bjelica,0.6,68.9,0.45901639344262296,8.0,45.6,0.82
443,Nerlens Noel,0.65,75.0,0.7058823529411766,1.0,50.0,0.42
444,Nic Claxton,0.8,73.6,0.8735632183908046,inf,13.8,0.45
445,Nick Richards,0.7777777777777778,78.3,0.7999999999999999,1.0,33.3,0.47
446,Nickeil Alexander-Walker,0.6744186046511628,39.9,0.37735849056603776,2.8076923076923075,39.7,2.53
447,Nicolas Batum,0.8181818181818181,83.1,0.19277108433734935,0.6666666666666666,51.4,0.56
448,Nik Stauskas,1.0,100.0,0.0,0.5555555555555556,25.0,1.67
449,Nikola Jokic,0.5454545454545454,58.0,0.5977859778597785,2.8000000000000003,33.1,1.26
450,Nikola Vucevic,0.5185185185185186,71.3,0.534090909090909,2.3,43.9,0.53
451,Norman Powell,0.6885245901639345,50.9,0.3157894736842105,2.1052631578947367,29.4,2.44
452,Norvel Pelle,1.0,66.7,1.0,,0.0,0.15
453,O.G. Anunoby,0.7213114754098361,46.4,0.39766081871345027,1.8205128205128205,45.5,1.65
454,Obi Toppin,0.878048780487805,82.4,0.6222222222222222,8.5,25.8,0.59
455,Olivier Sarr,0.5806451612903226,77.8,0.5428571428571428,0.5,100.0,0.3
456,Omer Yurtseven,0.5853658536585367,78.3,0.8679245283018867,0.5,14.3,0.4
457,Onyeka Okongwu,0.7608695652173914,79.5,0.7804878048780489,2.0,0.0,0.44
458,Oshae Brissett,0.7837837837837838,67.2,0.39560439560439564,5.5,25.7,0.77
459,Otto Porter Jr.,0.6086956521739131,73.5,0.34146341463414637,0.9,26.8,0.67
460,P.J. Dozier,0.5,33.3,0.2962962962962963,1.3157894736842106,48.9,1.73
461,P.J. Tucker,0.5172413793103449,81.9,0.4210526315789474,2.75,43.2,0.81
462,P.J. Washington,0.7714285714285715,79.3,0.4077669902912621,4.333333333333334,42.9,0.58
463,Paris Bass,0.5,50.0,0.6666666666666666,,0.0,1.79
464,Pascal Siakam,0.4298245614035088,29.2,0.5789473684210525,2.8600000000000003,37.1,3.16
465,Pat Connaughton,0.7777777777777778,77.8,0.2424242424242424,6.333333333333333,50.4,0.63
466,Patrick Beverley,0.48275862068965514,25.5,0.32608695652173914,2.85,47.6,3.15
467,Patrick Williams,0.6071428571428572,66.7,0.37777777777777777,1.380952380952381,26.5,1.18
468,Patty Mills,0.6666666666666666,61.9,0.10526315789473684,0.787878787878788,60.5,2.43
469,Paul George,0.5606060606060607,22.0,0.271604938271605,1.1754385964912282,40.1,3.44
470,Paul Millsap,0.7,48.6,0.5714285714285714,6.999999999999999,31.1,1.02
471,Paul Reed,0.8,57.7,0.9677419354838709,8.0,24.1,0.77
472,Paul Watson,0.45454545454545453,50.0,0.4117647058823529,4.749999999999999,47.1,0.98
473,Payton Pritchard,0.6363636363636362,35.6,0.12903225806451613,1.411764705882353,60.7,3.59
474,Petr Cornelie,0.8333333333333334,100.0,0.7272727272727273,1.0,100.0,0.44
475,Precious Achiuwa,0.6226415094339622,59.8,0.5714285714285714,2.7,16.5,1.16
476,Quentin Grimes,0.8333333333333334,60.9,0.09999999999999999,0.75,54.8,1.08
477,Quinndary Weatherspoon,0.7499999999999999,81.8,0.8148148148148149,3.0,40.0,1.12
478,R.J. Hampton,0.5789473684210527,33.3,0.4210526315789474,5.153846153846154,45.6,3.45
479,RJ Barrett,0.63,39.8,0.45999999999999996,4.129032258064516,30.1,2.67
480,RJ Nembhard Jr.,0.6,50.0,0.7272727272727273,7.000000000000001,48.3,3.89
481,Rajon Rondo,0.65,8.1,0.375,4.25,48.2,3.74
482,Raul Neto,0.4390243902439025,33.1,0.5866666666666667,3.6,39.4,4.53
483,Rayjon Tucker,1.0,0.0,0.19047619047619047,1.0,60.0,1.67
484,Reggie Bullock,0.6363636363636362,76.7,0.13953488372093023,0.888888888888889,30.8,0.39
485,Reggie Jackson,0.484375,20.5,0.3928571428571428,1.472972972972973,36.9,4.61
486,Reggie Perry,0.5925925925925926,67.6,0.6956521739130436,1.5555555555555554,0.0,0.74
487,Richaun Holmes,0.5873015873015872,75.0,0.8076923076923075,2.5,16.7,0.49
488,Ricky Rubio,0.5625,25.6,0.2900763358778626,2.423076923076923,51.5,4.38
489,Rob Edwards,,0.0,0.0,0.0,0.0,1.61
490,Robert Covington,0.75,65.4,0.25882352941176473,2.5714285714285716,33.8,0.47
491,Robert Williams III,0.8813559322033898,69.4,0.8799999999999999,inf,80.0,0.28
492,Robert Woodard II,0.5555555555555556,100.0,0.33333333333333337,1.0,40.0,1.29
493,Robin Lopez,0.4081632653061224,51.9,0.8169014084507044,3.0,12.9,1.03
494,Rodney Hood,0.5,53.6,0.25806451612903225,1.1,47.3,1.33
495,Rodney McGruder,0.6923076923076923,65.0,0.2222222222222222,2.3333333333333335,40.6,1.07
496,Romeo Langford,0.5789473684210527,72.2,0.4444444444444444,3.3333333333333335,28.4,1.11
497,Royce O'Neale,0.8235294117647058,67.9,0.27027027027027023,5.25,51.9,0.7
498,Rudy Gay,0.5454545454545454,50.6,0.2962962962962963,0.8421052631578948,27.0,0.83
499,Rudy Gobert,0.881578947368421,72.4,0.7051282051282052,2.9999999999999996,10.5,0.36
500,Rui Hachimura,0.5945945945945946,60.6,0.4070796460176991,1.074074074074074,23.1,1.11
501,Russell Westbrook,0.7263157894736842,23.2,0.5297297297297298,3.313725490196078,46.9,4.29
502,Ryan Arcidiacono,0.0,100.0,0.37499999999999994,3.25,76.9,1.73
503,Saben Lee,0.7666666666666666,45.5,0.5357142857142857,6.8,61.7,4.15
504,Saddiq Bey,0.625,43.1,0.28571428571428564,1.4736842105263157,35.7,1.37
505,Sam Dekker,,0.0,,,0.0,0.0
506,Sam Hauser,1.0,75.0,0.16,0.6666666666666667,100.0,0.62
507,Sam Merrill,1.0,100.0,0.09523809523809523,1.0,87.5,1.75
508,Sandro Mamukelashvili,0.7999999999999999,62.9,0.4736842105263158,8.0,41.9,0.68
509,Santi Aldama,0.6799999999999999,63.8,0.6829268292682928,3.4999999999999996,33.3,0.93
510,Scottie Barnes,0.5125,42.9,0.6013071895424836,2.0434782608695654,26.1,2.17
511,Scottie Lewis,,0.0,0.0,inf,100.0,2.5
512,Scotty Hopson,0.0,50.0,0.0,1.0,0.0,2.77
513,Sekou Doumbouya,0.8333333333333334,50.0,0.5714285714285714,,0.0,1.86
514,Semi Ojeleye,0.28571428571428575,73.3,0.24242424242424246,1.2857142857142858,17.9,0.9
515,Serge Ibaka,0.5185185185185185,70.3,0.5,2.0,38.2,0.39
516,Seth Curry,0.38095238095238093,46.5,0.1733333333333333,0.8166666666666668,50.2,2.51
517,Shai Gilgeous-Alexander,0.495575221238938,13.7,0.4897959183673469,2.9146341463414633,40.2,5.11
518,Shake Milton,0.5,36.9,0.5121951219512195,2.56,36.9,3.58
519,Shaq Buchanan,1.0,100.0,1.0,0.0,0.0,1.91
520,Shaquille Harrison,0.75,50.0,1.0,4.0,50.0,1.94
521,Sharife Cooper,1.0,50.0,0.8,5.0,46.2,3.92
522,Skylar Mays,0.7857142857142857,41.7,0.5517241379310345,5.0,35.7,3.06
523,Solomon Hill,0.8333333333333334,100.0,0.33333333333333337,5.0,66.7,0.62
524,Spencer Dinwiddie,0.48979591836734687,20.1,0.36496350364963503,2.3111111111111113,38.5,4.29
525,Stanley Johnson,0.6296296296296295,54.8,0.44776119402985076,4.166666666666667,39.5,1.09
526,Stephen Curry,0.6037735849056604,36.8,0.22745098039215686,1.0666666666666667,43.8,4.06
527,Sterling Brown,0.7272727272727273,77.4,0.30303030303030304,3.0,45.9,1.36
528,Steven Adams,0.7755102040816325,49.0,0.7826086956521738,5.999999999999999,23.3,0.44
529,Svi Mykhailiuk,0.7333333333333334,54.0,0.3478260869565218,1.727272727272727,53.3,1.41
530,T.J. McConnell,0.5294117647058825,25.6,0.6823529411764707,4.75,59.4,4.29
531,Tacko Fall,0.6363636363636362,60.0,0.9090909090909091,inf,0.0,0.46
532,Taj Gibson,0.7368421052631579,67.6,0.5454545454545454,1.0,60.0,0.41
533,Talen Horton-Tucker,0.693877551020408,40.6,0.52,2.6296296296296293,35.4,2.69
534,Taurean Prince,0.631578947368421,69.2,0.30136986301369867,1.8,33.9,1.02
535,Terance Mann,0.6808510638297872,51.9,0.5185185185185185,1.7142857142857144,43.3,2.68
536,Terence Davis,0.7647058823529411,56.3,0.3653846153846154,1.625,35.4,2.3
537,Terrence Ross,0.48,52.4,0.27999999999999997,0.975,25.3,1.79
538,Terry Rozier,0.5737704918032788,43.9,0.3316062176165803,1.9056603773584906,48.3,3.11
539,Terry Taylor,0.7547169811320755,66.7,0.75,4.0,34.6,0.73
540,Thaddeus Young,0.6585365853658538,52.4,0.7419354838709676,3.3333333333333335,23.1,0.85
541,Thanasis Antetokounmpo,0.8846153846153847,63.2,0.8333333333333333,5.0,34.8,1.53
542,Theo Maledon,0.38709677419354843,45.3,0.39436619718309857,4.692307692307692,43.3,2.94
543,Theo Pinson,0.25,25.0,0.16,0.8333333333333334,11.1,1.27
544,Thomas Bryant,0.8064516129032258,73.8,0.5405405405405405,1.3333333333333335,30.0,0.41
545,Tim Frazier,0.2727272727272727,37.5,0.30303030303030304,1.8333333333333333,52.5,4.02
546,Tim Hardaway Jr.,0.5769230769230769,66.4,0.19718309859154928,0.5098039215686275,29.4,1.49
547,Timothe Luwawu-Cabarrot,0.8333333333333334,70.0,0.2727272727272727,4.0,42.9,0.86
548,Tobias Harris,0.48837209302325574,44.4,0.5465116279069767,2.5555555555555554,32.4,2.0
549,Tomas Satoransky,0.5263157894736842,44.3,0.49999999999999994,4.5,60.6,4.0
550,Tony Bradley,0.8095238095238094,75.0,0.8666666666666667,inf,0.0,0.35
551,Tony Snell,0.5714285714285715,75.0,0.2285714285714286,2.666666666666667,53.3,0.58
552,Torrey Craig,0.7272727272727273,58.5,0.4242424242424243,1.875,37.5,0.89
553,Trae Young,0.45454545454545453,14.2,0.31690140845070425,1.4416666666666667,39.0,5.79
554,Trayvon Palmer,0.0,0.0,,,0.0,0.73
555,Tre Jones,0.5,45.5,0.6666666666666666,3.533333333333333,40.4,4.05
556,Tre Mann,0.375,28.6,0.34615384615384615,1.5777777777777777,38.3,2.97
557,Tremont Waters,0.3,0.0,0.18181818181818182,1.5151515151515151,53.3,4.25
558,Trendon Watford,0.5777777777777778,57.9,0.7105263157894738,3.833333333333333,33.3,1.15
559,Trent Forrest,0.5,22.5,0.6666666666666667,16.666666666666668,49.7,4.56
560,Trevelin Queen,0.888888888888889,50.0,0.27906976744186046,0.6363636363636362,42.9,1.45
561,Trevon Scott,0.75,66.7,1.6666666666666667,3.0,0.0,1.11
562,Trevor Ariza,0.9,76.9,0.25,4.0,53.6,0.58
563,Trey Burke,0.4117647058823529,25.9,0.3137254901960785,1.24,43.5,4.5
564,Trey Lyles,0.675,60.0,0.45714285714285713,4.222222222222222,34.2,0.87
565,Trey Murphy III,0.7692307692307692,57.9,0.2222222222222222,2.75,42.4,0.89
566,Tristan Thompson,0.5869565217391305,65.7,0.8333333333333334,8.0,14.0,0.62
567,Troy Brown Jr.,0.7647058823529411,67.2,0.37209302325581395,3.25,40.0,1.18
568,Ty Jerome,0.25925925925925924,30.0,0.36619718309859156,2.761904761904762,45.3,3.08
569,Tyler Cook,0.8421052631578947,78.3,0.7058823529411765,inf,20.0,0.4
570,Tyler Hall,,0.0,,,0.0,1.0
571,Tyler Herro,0.4761904761904762,33.4,0.3188405797101449,1.4390243902439026,39.5,3.83
572,Tyler Johnson,,100.0,0.0,0.5,66.7,2.26
573,Tyrell Terry,,0.0,0.0,0.0,0.0,4.25
574,Tyrese Haliburton,0.4222222222222222,27.9,0.3137254901960784,1.8906249999999998,53.6,3.74
575,Tyrese Maxey,0.5857142857142856,45.0,0.4342857142857143,1.7115384615384615,22.5,3.81
576,Tyrone Wallace,0.631578947368421,100.0,0.5714285714285715,3.4,50.0,2.0
577,Tyus Jones,0.25,36.7,0.4137931034482759,1.5588235294117647,29.5,4.51
578,Udoka Azubuike,0.8387096774193549,89.2,0.9787234042553192,,0.0,0.29
579,Udonis Haslem,0.7999999999999999,76.9,0.64,0.5,0.0,0.39
580,Usman Garuba,0.9,57.1,0.6,2.9999999999999996,71.4,0.5
581,Vernon Carey Jr.,0.888888888888889,28.6,0.8275862068965517,1.0,100.0,0.8
582,Victor Oladipo,0.7058823529411765,25.0,0.30645161290322576,1.7894736842105263,51.9,3.5
583,Vit Krejci,0.5714285714285714,55.6,0.3548387096774194,4.666666666666667,62.4,1.93
584,Vlatko Cancar,0.7368421052631579,93.8,0.5365853658536587,5.5,47.1,0.73
585,Wayne Ellington,0.6,87.5,0.08955223880597016,0.5,64.3,0.86
586,Wayne Selden,0.0,0.0,0.0,5.666666666666667,20.0,1.93
587,Wendell Carter Jr.,0.6507936507936507,60.9,0.5466666666666666,2.545454545454545,23.9,0.5
588,Wenyen Gabriel,0.7741935483870969,54.3,0.6666666666666666,10.0,26.9,0.67
589,Wes Iwundu,1.0,60.0,0.1917808219178082,2.3,42.9,0.94
590,Wesley Matthews,0.6666666666666666,64.7,0.27450980392156865,2.6,33.9,0.62
591,Will Barton,0.6,49.8,0.38095238095238093,1.525,38.9,2.54
592,Willie Cauley-Stein,0.7499999999999999,80.0,0.9411764705882353,2.9999999999999996,40.0,0.48
593,Willy Hernangomez,0.7142857142857143,68.7,0.7252747252747253,1.0,18.2,0.5
594,Xavier Moon,0.5454545454545454,15.0,0.13793103448275862,0.5714285714285715,25.0,4.16
595,Xavier Sneed,0.5,0.0,0.33333333333333337,0.5,0.0,0.54
596,Xavier Tillman,0.6206896551724137,67.0,0.6666666666666667,1.2,24.2,0.63
597,Yuta Watanabe,0.5384615384615385,65.5,0.2790697674418605,2.75,30.2,1.07
598,Yves Pons,0.5714285714285715,0.0,0.36363636363636365,inf,66.7,0.68
599,Zach Collins,0.6363636363636365,74.2,0.4615384615384615,2.0,45.5,0.56
600,Zach LaVine,0.7536231884057971,35.0,0.34426229508196726,1.1647058823529413,27.8,3.75
601,Zavier Simpson,0.43877551020408156,22.2,0.8363636363636363,6.833333333333333,46.3,4.31
602,Zeke Nnaji,0.8260869565217391,57.6,0.393939393939394,5.999999999999999,29.2,0.35
603,Ziaire Williams,0.6363636363636362,80.0,0.34567901234567905,0.8571428571428572,31.6,1.25
604,Zylan Cheatham,1.0,0.0,,,0.0,0.17
